{"cameraMode":{"drawMode":0,"name":"Shaded","section":"Shading Mode"},"sceneLighting":true,"audioPlay":false,"sceneViewState":{"showFog":true,"showMaterialUpdate":false,"showSkybox":true,"showFlares":true,"showImageEffects":true,"showParticleSystems":true},"in2DMode":false,"pivot":{"x":76.70355224609375,"y":5.000091552734375,"z":-159.5067901611328},"rotation":{"x":0.05752936005592346,"y":-0.8451261520385742,"z":0.09291286021471024,"w":0.5232791304588318},"size":10.0,"orthographic":false}